id,molecule_type,metab_stat,enzyme_score,stat,color,shape
13dampp_c,reaction_enzyme,0,0,0,#C1C1C1,square
23dpg_c,reaction_enzyme,0,0,0,#C1C1C1,square
2DR1PP,reaction_enzyme,0,0,0,#C1C1C1,square
3aib__D_c,reaction_enzyme,0,0,0,#C1C1C1,square
3aib__D_e,reaction_enzyme,0,0,0,#C1C1C1,square
3aib__D_m,reaction_enzyme,0,0,0,#C1C1C1,square
3HBCOAHLm,reaction_enzyme,0,0.8315258827510797,0.8315258827510797,#F4A582,square
3snpyr_c,reaction_enzyme,0,0,0,#C1C1C1,square
3snpyr_m,reaction_enzyme,0,0,0,#C1C1C1,square
3SPYRSP,reaction_enzyme,0,0.07286767447768808,0.07286767447768808,#FDDBC7,square
3SPYRSPm,reaction_enzyme,0,0.25308704168802804,0.25308704168802804,#FDDBC7,square
42A3HP24DB_c,reaction_enzyme,0,0,0,#C1C1C1,square
4aphdob_c,reaction_enzyme,0,0,0,#C1C1C1,square
8781,reaction_enzyme,0,-1.7271113526904471,-1.7271113526904471,#4393C3,square
AACS,reaction_enzyme,0,0.5533975576237274,0.5533975576237274,#FDDBC7,square
AACS>943,reaction_enzyme,0,-0.24220940923098705,-0.24220940923098705,#D1E5F0,square
AADAT,reaction_enzyme,0,-0.7325785098303378,-0.7325785098303378,#92C5DE,square
AADAT_gluakg,reaction_enzyme,0,-0.8779013248609933,-0.8779013248609933,#92C5DE,square
AADAT>13,reaction_enzyme,0,-0.7325785098303378,-0.7325785098303378,#92C5DE,square
AADAT>13_gluakg,reaction_enzyme,0,-0.8779013248609933,-0.8779013248609933,#92C5DE,square
AADAT>15,reaction_enzyme,0,-1.5574364847124131,-1.5574364847124131,#4393C3,square
AADAT>15_gluakg,reaction_enzyme,0,-0.8116317269466169,-0.8116317269466169,#92C5DE,square
AADAT>758,reaction_enzyme,0,-0.10456093987312003,-0.10456093987312003,#D1E5F0,square
AADAT>758_gluakg,reaction_enzyme,0,-1.41840102151053,-1.41840102151053,#4393C3,square
AADAT>759,reaction_enzyme,0,-0.10456093987312003,-0.10456093987312003,#D1E5F0,square
AADAT>759_gluakg,reaction_enzyme,0,-1.41840102151053,-1.41840102151053,#4393C3,square
AADAT>762,reaction_enzyme,0,-0.01582270293780185,-0.01582270293780185,#D1E5F0,square
AADAT>762_gluakg,reaction_enzyme,0,-1.41840102151053,-1.41840102151053,#4393C3,square
AADAT>764,reaction_enzyme,0,-0.01582270293780185,-0.01582270293780185,#D1E5F0,square
AADAT>764_gluakg,reaction_enzyme,0,-1.41840102151053,-1.41840102151053,#4393C3,square
AASAD3m,reaction_enzyme,0,-0.4515067813719834,-0.4515067813719834,#D1E5F0,square
AASS,reaction_enzyme,0,-0.6911067890187897,-0.6911067890187897,#92C5DE,square
AASS>14,reaction_enzyme,0,-0.4092139323021087,-0.4092139323021087,#D1E5F0,square
ABAT,reaction_enzyme,0,0.9336417685342966,0.9336417685342966,#F4A582,square
ABAT_gluakg,reaction_enzyme,0,-0.8116317269466169,-0.8116317269466169,#92C5DE,square
ABAT_reverse,reaction_enzyme,0,1.6246165344325176,1.6246165344325176,#D6604D,square
ABAT_reverse_gluakg,reaction_enzyme,0,0.11607173902765995,0.11607173902765995,#FDDBC7,square
ABAT>771,reaction_enzyme,0,1.6246165344325176,1.6246165344325176,#D6604D,square
ABAT>771_gluakg,reaction_enzyme,0,0.11607173902765995,0.11607173902765995,#FDDBC7,square
ABAT>772,reaction_enzyme,0,1.6246165344325176,1.6246165344325176,#D6604D,square
ABAT>772_gluakg,reaction_enzyme,0,0.11607173902765995,0.11607173902765995,#FDDBC7,square
ABAT>890,reaction_enzyme,0,0.044289415697923856,0.044289415697923856,#FDDBC7,square
ABAT>890_gluakg,reaction_enzyme,0,-0.8116317269466169,-0.8116317269466169,#92C5DE,square
ABAT>890_reverse,reaction_enzyme,0,-0.4480671300916719,-0.4480671300916719,#D1E5F0,square
ABAT>890_reverse_gluakg,reaction_enzyme,0,0.11607173902765995,0.11607173902765995,#FDDBC7,square
ABAT>891,reaction_enzyme,0,0.044289415697923856,0.044289415697923856,#FDDBC7,square
ABAT>891_gluakg,reaction_enzyme,0,-0.8116317269466169,-0.8116317269466169,#92C5DE,square
ABAT>891_reverse,reaction_enzyme,0,-0.4480671300916719,-0.4480671300916719,#D1E5F0,square
ABAT>891_reverse_gluakg,reaction_enzyme,0,0.11607173902765995,0.11607173902765995,#FDDBC7,square
ACAA2,reaction_enzyme,0,0.9119715731243127,0.9119715731243127,#F4A582,square
ACAD8,reaction_enzyme,0,0.5818560042053093,0.5818560042053093,#FDDBC7,square
ACADM,reaction_enzyme,0,0.6170997003054771,0.6170997003054771,#F4A582,square
ACADM>773,reaction_enzyme,0,0.5818560042053093,0.5818560042053093,#FDDBC7,square
ACADSB,reaction_enzyme,0,0.6170997003054771,0.6170997003054771,#F4A582,square
ACAT1,reaction_enzyme,0,0.9119715731243127,0.9119715731243127,#F4A582,square
ACAT2,reaction_enzyme,0,0.5423131423904974,0.5423131423904974,#FDDBC7,square
ACLY,reaction_enzyme,0,-0.47514315153281944,-0.47514315153281944,#D1E5F0,square
ACLY>906,reaction_enzyme,0,-0.47514315153281944,-0.47514315153281944,#D1E5F0,square
ACO1,reaction_enzyme,0,-0.3049050004302838,-0.3049050004302838,#D1E5F0,square
ACO1_reverse,reaction_enzyme,0,-0.3671737265261571,-0.3671737265261571,#D1E5F0,square
ACO1>1566,reaction_enzyme,0,-0.276685232083967,-0.276685232083967,#D1E5F0,square
ACO1>1566_reverse,reaction_enzyme,0,0.5711266569964152,0.5711266569964152,#FDDBC7,square
ACO1>1568,reaction_enzyme,0,-0.5387441659170138,-0.5387441659170138,#D1E5F0,square
ACO1>1568_reverse,reaction_enzyme,0,0.47927759793802244,0.47927759793802244,#FDDBC7,square
ACO1>907,reaction_enzyme,0,0.3818739803595675,0.3818739803595675,#FDDBC7,square
ACO1>907_reverse,reaction_enzyme,0,0.14423254839015018,0.14423254839015018,#FDDBC7,square
ACO2,reaction_enzyme,0,0.3818739803595675,0.3818739803595675,#FDDBC7,square
ACO2_reverse,reaction_enzyme,0,0.14423254839015018,0.14423254839015018,#FDDBC7,square
ACO2>1565,reaction_enzyme,0,-0.276685232083967,-0.276685232083967,#D1E5F0,square
ACO2>1565_reverse,reaction_enzyme,0,0.5711266569964152,0.5711266569964152,#FDDBC7,square
ACO2>1567,reaction_enzyme,0,-0.5387441659170138,-0.5387441659170138,#D1E5F0,square
ACO2>1567_reverse,reaction_enzyme,0,0.47927759793802244,0.47927759793802244,#FDDBC7,square
ACSS1,reaction_enzyme,0,0.7769753283727573,0.7769753283727573,#F4A582,square
ACSS2,reaction_enzyme,0,-0.24220940923098705,-0.24220940923098705,#D1E5F0,square
ACSS2>944,reaction_enzyme,0,-0.24220940923098705,-0.24220940923098705,#D1E5F0,square
ACYP1,reaction_enzyme,0,-0.8484988050455448,-0.8484988050455448,#92C5DE,square
ACYP1>945,reaction_enzyme,0,-0.8484988050455448,-0.8484988050455448,#92C5DE,square
ACYP2,reaction_enzyme,0,-0.8484988050455448,-0.8484988050455448,#92C5DE,square
ADCim,reaction_enzyme,0,0.33739959248991264,0.33739959248991264,#FDDBC7,square
ADH5,reaction_enzyme,0,0.12107389337044529,0.12107389337044529,#FDDBC7,square
ADH5>928,reaction_enzyme,0,0.07286767447768902,0.07286767447768902,#FDDBC7,square
ADK,reaction_enzyme,0,0.7551797007684493,0.7551797007684493,#F4A582,square
ADK>998,reaction_enzyme,0,0.7551797007684493,0.7551797007684493,#F4A582,square
ADNK3,reaction_enzyme,0,0.7551797007684493,0.7551797007684493,#F4A582,square
ADNK4,reaction_enzyme,0,0.7551797007684493,0.7551797007684493,#F4A582,square
ADSL,reaction_enzyme,0,-0.19511886584951113,-0.19511886584951113,#D1E5F0,square
ADSL_reverse,reaction_enzyme,0,-0.9210799965256462,-0.9210799965256462,#92C5DE,square
ADSL>2,reaction_enzyme,0,0.0678197116866494,0.0678197116866494,#FDDBC7,square
ADSL>2_reverse,reaction_enzyme,0,-1.1309653646630764,-1.1309653646630764,#92C5DE,square
ADSS,reaction_enzyme,0,-0.3377496261195437,-0.3377496261195437,#D1E5F0,square
ADSS_reverse,reaction_enzyme,0,-0.7196849252370232,-0.7196849252370232,#92C5DE,square
AFMID,reaction_enzyme,0,-0.06343727267236801,-0.06343727267236801,#D1E5F0,square
AHCY,reaction_enzyme,0,0.48550027594039274,0.48550027594039274,#FDDBC7,square
AHCYL1,reaction_enzyme,0,0.48550027594039274,0.48550027594039274,#FDDBC7,square
AHCYL1>886,reaction_enzyme,0,0.48550027594039274,0.48550027594039274,#FDDBC7,square
AKR1A1,reaction_enzyme,0,0.12107389337044513,0.12107389337044513,#FDDBC7,square
AKR1A1>1521,reaction_enzyme,0,1.111444157366426,1.111444157366426,#F4A582,square
AKR1A1>934,reaction_enzyme,0,0.12107389337044513,0.12107389337044513,#FDDBC7,square
AKR1B1,reaction_enzyme,0,0.12107389337044513,0.12107389337044513,#FDDBC7,square
AKR7A2,reaction_enzyme,0,0.12107389337044513,0.12107389337044513,#FDDBC7,square
AL441992.2,reaction_enzyme,0,-0.10456093987312003,-0.10456093987312003,#D1E5F0,square
AL441992.2_gluakg,reaction_enzyme,0,-1.41840102151053,-1.41840102151053,#4393C3,square
AL441992.2>763,reaction_enzyme,0,-0.01582270293780185,-0.01582270293780185,#D1E5F0,square
AL441992.2>763_gluakg,reaction_enzyme,0,-1.41840102151053,-1.41840102151053,#4393C3,square
AL441992.2>766,reaction_enzyme,0,-0.1673812692806587,-0.1673812692806587,#D1E5F0,square
AL441992.2>766_gluakg,reaction_enzyme,0,-0.8779013248609933,-0.8779013248609933,#92C5DE,square
AL441992.2>767,reaction_enzyme,0,0.4516611902205522,0.4516611902205522,#FDDBC7,square
AL441992.2>767_gluakg,reaction_enzyme,0,-1.41840102151053,-1.41840102151053,#4393C3,square
AL441992.2>767_reverse,reaction_enzyme,0,-0.2088120974724051,-0.2088120974724051,#D1E5F0,square
AL441992.2>767_reverse_gluakg,reaction_enzyme,0,-0.8779013248609933,-0.8779013248609933,#92C5DE,square
ALDH18A1,reaction_enzyme,0,-0.6834856017316191,-0.6834856017316191,#92C5DE,square
ALDH18A1>1060,reaction_enzyme,0,-0.5892147043382406,-0.5892147043382406,#D1E5F0,square
ALDH1A1,reaction_enzyme,0,0.12107389337044454,0.12107389337044454,#FDDBC7,square
ALDH1A3,reaction_enzyme,0,0.12107389337044454,0.12107389337044454,#FDDBC7,square
ALDH1B1,reaction_enzyme,0,-0.023931664759726797,-0.023931664759726797,#D1E5F0,square
ALDH1B1>902,reaction_enzyme,0,0.04428941569792389,0.04428941569792389,#FDDBC7,square
ALDH1L2,reaction_enzyme,0,1.4752356120267085,1.4752356120267085,#D6604D,square
ALDH2,reaction_enzyme,0,-0.023931664759726797,-0.023931664759726797,#D1E5F0,square
ALDH2>901,reaction_enzyme,0,0.04428941569792389,0.04428941569792389,#FDDBC7,square
ALDH3A2,reaction_enzyme,0,-0.023931664759726797,-0.023931664759726797,#D1E5F0,square
ALDH3A2>900,reaction_enzyme,0,0.04428941569792389,0.04428941569792389,#FDDBC7,square
ALDH3A2>936,reaction_enzyme,0,0.12107389337044454,0.12107389337044454,#FDDBC7,square
ALDH3B1,reaction_enzyme,0,0.12107389337044454,0.12107389337044454,#FDDBC7,square
ALDH4A1,reaction_enzyme,0,1.1589739166327093,1.1589739166327093,#F4A582,square
ALDH4A1>1063,reaction_enzyme,0,0.961145349097647,0.961145349097647,#F4A582,square
ALDH4A1>898,reaction_enzyme,0,1.1589739166327093,1.1589739166327093,#F4A582,square
ALDH5A1,reaction_enzyme,0,0.1024352805716414,0.1024352805716414,#FDDBC7,square
ALDH5A1_reverse,reaction_enzyme,0,-0.8683611846396548,-0.8683611846396548,#92C5DE,square
ALDH6A,reaction_enzyme,0,0.9242175563173509,0.9242175563173509,#F4A582,square
ALDH6A_reverse,reaction_enzyme,0,2.630194329955933,2.630194329955933,#67001F,square
ALDH7A1,reaction_enzyme,0,-0.7687437645146197,-0.7687437645146197,#92C5DE,square
ALDH7A1_reverse,reaction_enzyme,0,-0.5131062401089755,-0.5131062401089755,#D1E5F0,square
ALDH7A1>11,reaction_enzyme,0,-0.7687437645146197,-0.7687437645146197,#92C5DE,square
ALDH7A1>11_reverse,reaction_enzyme,0,-0.5131062401089755,-0.5131062401089755,#D1E5F0,square
ALDH7A1>899,reaction_enzyme,0,-0.023931664759726797,-0.023931664759726797,#D1E5F0,square
ALDH7A1>904,reaction_enzyme,0,0.04428941569792389,0.04428941569792389,#FDDBC7,square
ALDH7A1>939,reaction_enzyme,0,0.12107389337044454,0.12107389337044454,#FDDBC7,square
ALDH9A1,reaction_enzyme,0,-0.023931664759726797,-0.023931664759726797,#D1E5F0,square
ALDH9A1>903,reaction_enzyme,0,0.04428941569792389,0.04428941569792389,#FDDBC7,square
ALDH9A1>905,reaction_enzyme,0,1.3093240501353025,1.3093240501353025,#D6604D,square
ALDH9A1>935,reaction_enzyme,0,0.12107389337044454,0.12107389337044454,#FDDBC7,square
ALDOA,reaction_enzyme,0,0.2180113944163501,0.2180113944163501,#FDDBC7,square
ALDOA_reverse,reaction_enzyme,0,0.336380144251556,0.336380144251556,#FDDBC7,square
ALDOA>954,reaction_enzyme,0,0.2180113944163501,0.2180113944163501,#FDDBC7,square
ALDOA>954_reverse,reaction_enzyme,0,0.336380144251556,0.336380144251556,#FDDBC7,square
ALDOA>955,reaction_enzyme,0,0.2180113944163501,0.2180113944163501,#FDDBC7,square
ALDOA>955_reverse,reaction_enzyme,0,0.336380144251556,0.336380144251556,#FDDBC7,square
ALDOC,reaction_enzyme,0,0.2180113944163501,0.2180113944163501,#FDDBC7,square
ALDOC_reverse,reaction_enzyme,0,0.336380144251556,0.336380144251556,#FDDBC7,square
AMCOXO,reaction_enzyme,0,0.29761891577931626,0.29761891577931626,#FDDBC7,square
AMD1,reaction_enzyme,0,0.6935045903057652,0.6935045903057652,#F4A582,square
AOBUTDsm,reaction_enzyme,0,1.0815890759365914,1.0815890759365914,#F4A582,square
AOC2,reaction_enzyme,0,1.3222683584526194,1.3222683584526194,#D6604D,square
AOC2>1049,reaction_enzyme,0,1.3222683584526194,1.3222683584526194,#D6604D,square
ARG2,reaction_enzyme,0,-0.5290531850421881,-0.5290531850421881,#D1E5F0,square
ARG2>1058,reaction_enzyme,0,-0.5191806704010289,-0.5191806704010289,#D1E5F0,square
ASL,reaction_enzyme,0,0.294917013297108,0.294917013297108,#FDDBC7,square
ASL_reverse,reaction_enzyme,0,-1.2690116918894307,-1.2690116918894307,#4393C3,square
ASNS,reaction_enzyme,0,-1.015686580717726,-1.015686580717726,#92C5DE,square
ASNS_glugln,reaction_enzyme,0,-0.6837482240187748,-0.6837482240187748,#92C5DE,square
ASNS>1054,reaction_enzyme,0,-1.015686580717726,-1.015686580717726,#92C5DE,square
ASNS>1054_glugln,reaction_enzyme,0,-0.6837482240187748,-0.6837482240187748,#92C5DE,square
ASNS>1055,reaction_enzyme,0,-1.015686580717726,-1.015686580717726,#92C5DE,square
ASNS>1055_glugln,reaction_enzyme,0,-0.6837482240187748,-0.6837482240187748,#92C5DE,square
ASS1,reaction_enzyme,0,0.1398094677544947,0.1398094677544947,#FDDBC7,square
ASS1_reverse,reaction_enzyme,0,-0.9495667939740824,-0.9495667939740824,#92C5DE,square
AUH,reaction_enzyme,0,-0.013800378703231432,-0.013800378703231432,#D1E5F0,square
AUH>782,reaction_enzyme,0,0.7089385453702451,0.7089385453702451,#F4A582,square
BBD,reaction_enzyme,0,-0.7618686210382353,-0.7618686210382353,#92C5DE,square
BCAT1,reaction_enzyme,0,0.9558270627337621,0.9558270627337621,#F4A582,square
BCAT1_gluakg,reaction_enzyme,0,-1.41840102151053,-1.41840102151053,#4393C3,square
BCAT1.iso_reverse,reaction_enzyme,0,0.8646489670942961,0.8646489670942961,#F4A582,square
BCAT1.iso_reverse_gluakg,reaction_enzyme,0,-0.8779013248609933,-0.8779013248609933,#92C5DE,square
BCAT1.leu_reverse,reaction_enzyme,0,0.763439068495825,0.763439068495825,#F4A582,square
BCAT1.leu_reverse_gluakg,reaction_enzyme,0,-0.8779013248609933,-0.8779013248609933,#92C5DE,square
BCAT1.val_reverse,reaction_enzyme,0,0.5852684838275173,0.5852684838275173,#FDDBC7,square
BCAT1.val_reverse_gluakg,reaction_enzyme,0,-0.8779013248609933,-0.8779013248609933,#92C5DE,square
BCAT1>780,reaction_enzyme,0,1.0899815955900976,1.0899815955900976,#F4A582,square
BCAT1>780_gluakg,reaction_enzyme,0,-1.41840102151053,-1.41840102151053,#4393C3,square
BCAT1>787,reaction_enzyme,0,0.6496029471676922,0.6496029471676922,#F4A582,square
BCAT1>787_gluakg,reaction_enzyme,0,-1.41840102151053,-1.41840102151053,#4393C3,square
BCAT2,reaction_enzyme,0,0.629392650433577,0.629392650433577,#F4A582,square
BCAT2_gluakg,reaction_enzyme,0,-0.8116317269466169,-0.8116317269466169,#92C5DE,square
BCAT2_reverse,reaction_enzyme,0,0.46344809029699424,0.46344809029699424,#FDDBC7,square
BCAT2_reverse_gluakg,reaction_enzyme,0,0.11607173902765995,0.11607173902765995,#FDDBC7,square
BCAT2>781,reaction_enzyme,0,0.8023530870418679,0.8023530870418679,#F4A582,square
BCAT2>781_gluakg,reaction_enzyme,0,-0.8116317269466169,-0.8116317269466169,#92C5DE,square
BCAT2>781_reverse,reaction_enzyme,0,0.39820349456188875,0.39820349456188875,#FDDBC7,square
BCAT2>781_reverse_gluakg,reaction_enzyme,0,0.11607173902765995,0.11607173902765995,#FDDBC7,square
BCAT2>788,reaction_enzyme,0,0.28428351446441047,0.28428351446441047,#FDDBC7,square
BCAT2>788_gluakg,reaction_enzyme,0,-0.8116317269466169,-0.8116317269466169,#92C5DE,square
BCAT2>788_reverse,reaction_enzyme,0,0.36117875035265046,0.36117875035265046,#FDDBC7,square
BCAT2>788_reverse_gluakg,reaction_enzyme,0,0.11607173902765995,0.11607173902765995,#FDDBC7,square
BCKDH.mkic,reaction_enzyme,0,0.9378854950603631,0.9378854950603631,#F4A582,square
BCKDH.mkiv,reaction_enzyme,0,0.404828794470831,0.404828794470831,#FDDBC7,square
BCKDH.mkmv,reaction_enzyme,0,0.44799570942191974,0.44799570942191974,#FDDBC7,square
BETALDHxm,reaction_enzyme,0,-0.6314725820382071,-0.6314725820382071,#92C5DE,square
BHMT2,reaction_enzyme,0,0.06840123802958956,0.06840123802958956,#FDDBC7,square
BPGM,reaction_enzyme,0,-0.9224280547939535,-0.9224280547939535,#92C5DE,square
BPGM>947,reaction_enzyme,0,-0.9224280547939535,-0.9224280547939535,#92C5DE,square
BPGM>948,reaction_enzyme,0,-0.6814984209866372,-0.6814984209866372,#92C5DE,square
BPGM>952,reaction_enzyme,0,-0.6814984209866372,-0.6814984209866372,#92C5DE,square
BPGM>966,reaction_enzyme,0,-0.47425591804969613,-0.47425591804969613,#D1E5F0,square
BPGM>966_reverse,reaction_enzyme,0,-0.2012809683882583,-0.2012809683882583,#D1E5F0,square
BPGM>970,reaction_enzyme,0,-0.47425591804969613,-0.47425591804969613,#D1E5F0,square
BPGM>970_reverse,reaction_enzyme,0,-0.2012809683882583,-0.2012809683882583,#D1E5F0,square
CA12,reaction_enzyme,0,0.7672222414168067,0.7672222414168067,#F4A582,square
CA12>1520,reaction_enzyme,0,0.7672222414168067,0.7672222414168067,#F4A582,square
CA13,reaction_enzyme,0,0.7672222414168067,0.7672222414168067,#F4A582,square
CA14,reaction_enzyme,0,0.7672222414168067,0.7672222414168067,#F4A582,square
CA2,reaction_enzyme,0,0.7672222414168067,0.7672222414168067,#F4A582,square
CAD_glugln,reaction_enzyme,0,-0.6837482240187748,-0.6837482240187748,#92C5DE,square
CBS,reaction_enzyme,0,1.5601865053200303,1.5601865053200303,#D6604D,square
CHDH,reaction_enzyme,0,-0.4527659022601082,-0.4527659022601082,#D1E5F0,square
CKB,reaction_enzyme,0,0.8022328218262896,0.8022328218262896,#F4A582,square
CKMT1A,reaction_enzyme,0,0.6451574901088322,0.6451574901088322,#F4A582,square
CKMT1B,reaction_enzyme,0,0.6451574901088322,0.6451574901088322,#F4A582,square
CLYBL,reaction_enzyme,0,-0.13833735300120453,-0.13833735300120453,#D1E5F0,square
CLYBL>910,reaction_enzyme,0,-0.13833735300120453,-0.13833735300120453,#D1E5F0,square
CRAT,reaction_enzyme,0,0.15554744234024928,0.15554744234024928,#FDDBC7,square
CRAT.c3,reaction_enzyme,0,1.2171926160564859,1.2171926160564859,#D6604D,square
CRAT.c3b,reaction_enzyme,0,3.008517051373192,3.008517051373192,#67001F,square
CRAT.c4,reaction_enzyme,0,-0.5640201281677159,-0.5640201281677159,#D1E5F0,square
CRAT.c4b,reaction_enzyme,0,-0.49070279778607645,-0.49070279778607645,#D1E5F0,square
CRAT.c5,reaction_enzyme,0,0.21604656835731365,0.21604656835731365,#FDDBC7,square
CRAT.c5b,reaction_enzyme,0,-0.5702748961751415,-0.5702748961751415,#D1E5F0,square
CS,reaction_enzyme,0,1.2751748199393134,1.2751748199393134,#D6604D,square
CS>911,reaction_enzyme,0,1.2751748199393134,1.2751748199393134,#D6604D,square
CTH,reaction_enzyme,0,1.7713443575341408,1.7713443575341408,#D6604D,square
CTH>887,reaction_enzyme,0,1.7713443575341408,1.7713443575341408,#D6604D,square
CTPS1>1522_glugln,reaction_enzyme,0,-0.6837482240187748,-0.6837482240187748,#92C5DE,square
CTPS2>1523_glugln,reaction_enzyme,0,-0.6837482240187748,-0.6837482240187748,#92C5DE,square
DBT_BCKDHB_BCKDH_DLD>783,reaction_enzyme,0,0.404828794470831,0.404828794470831,#FDDBC7,square
DBT_BCKDHB_BCKDH_DLD>785,reaction_enzyme,0,0.44799570942191974,0.44799570942191974,#FDDBC7,square
DBT_DLD_BCKDH_BCKDHA>784,reaction_enzyme,0,0.404828794470831,0.404828794470831,#FDDBC7,square
DBT_DLD_BCKDH_BCKDHA>786,reaction_enzyme,0,0.44799570942191974,0.44799570942191974,#FDDBC7,square
DLD_PDHX_PDHA1_PDHB_DLAT,reaction_enzyme,0,1.5659730082422156,1.5659730082422156,#D6604D,square
DMGDH,reaction_enzyme,0,-1.4405603047256836,-1.4405603047256836,#4393C3,square
ECHS1,reaction_enzyme,0,-0.013800378703231432,-0.013800378703231432,#D1E5F0,square
ECHS1>774,reaction_enzyme,0,0.7283589923016841,0.7283589923016841,#F4A582,square
ECHS1>776,reaction_enzyme,0,0.759870409580074,0.759870409580074,#F4A582,square
EHHADH,reaction_enzyme,0,0.8561745474598396,0.8561745474598396,#F4A582,square
ENO1,reaction_enzyme,0,0.6437856257053034,0.6437856257053034,#F4A582,square
ENO1_reverse,reaction_enzyme,0,0.38204529574807233,0.38204529574807233,#FDDBC7,square
ENO2,reaction_enzyme,0,0.6437856257053034,0.6437856257053034,#F4A582,square
ENO2_reverse,reaction_enzyme,0,0.38204529574807233,0.38204529574807233,#FDDBC7,square
ENO3,reaction_enzyme,0,0.6437856257053034,0.6437856257053034,#F4A582,square
ENO3_reverse,reaction_enzyme,0,0.38204529574807233,0.38204529574807233,#FDDBC7,square
ENO3>953,reaction_enzyme,0,0.6437856257053034,0.6437856257053034,#F4A582,square
ENO3>953_reverse,reaction_enzyme,0,0.38204529574807233,0.38204529574807233,#FDDBC7,square
ETFB_ETFA,reaction_enzyme,0,-0.2017897206468428,-0.2017897206468428,#D1E5F0,square
ETFDH_ETFB_ETFA,reaction_enzyme,0,-0.2017897206468428,-0.2017897206468428,#D1E5F0,square
EX_34hpp,reaction_enzyme,0,0.08762460675978347,0.08762460675978347,#FDDBC7,square
EX_ala_L_e_reverse,reaction_enzyme,0,-0.3141538494229686,-0.3141538494229686,#D1E5F0,square
EX_asp_L_e_reverse,reaction_enzyme,0,-0.07713073530553835,-0.07713073530553835,#D1E5F0,square
EX_cit_e_reverse,reaction_enzyme,0,0.4242385639970219,0.4242385639970219,#FDDBC7,square
EX_gly_e_reverse,reaction_enzyme,0,-1.7750147578840922,-1.7750147578840922,#4393C3,square
EX_pro_L_e_reverse,reaction_enzyme,0,-0.6404155134139646,-0.6404155134139646,#92C5DE,square
FAH,reaction_enzyme,0,0.08914476706565201,0.08914476706565201,#FDDBC7,square
FH,reaction_enzyme,0,-0.3851883441869647,-0.3851883441869647,#D1E5F0,square
FH_reverse,reaction_enzyme,0,-0.12039351697001327,-0.12039351697001327,#D1E5F0,square
FH>912,reaction_enzyme,0,-0.16381210301918317,-0.16381210301918317,#D1E5F0,square
FH>912_reverse,reaction_enzyme,0,0.14488673032485788,0.14488673032485788,#FDDBC7,square
G5SADrm,reaction_enzyme,0,0.3763229675455917,0.3763229675455917,#FDDBC7,square
G5SADs,reaction_enzyme,0,-0.09436479714319969,-0.09436479714319969,#D1E5F0,square
G6PC3,reaction_enzyme,0,0.33672125037734074,0.33672125037734074,#FDDBC7,square
G6PD,reaction_enzyme,0,-0.1447336389434486,-0.1447336389434486,#D1E5F0,square
G6PD_reverse,reaction_enzyme,0,0.27283155598645165,0.27283155598645165,#FDDBC7,square
G6PD>1526,reaction_enzyme,0,0.2791755256419244,0.2791755256419244,#FDDBC7,square
G6PD>1535,reaction_enzyme,0,0.12004470136638658,0.12004470136638658,#FDDBC7,square
GAD1,reaction_enzyme,0,-0.5538613463776516,-0.5538613463776516,#D1E5F0,square
GAD1>893,reaction_enzyme,0,-0.5538613463776516,-0.5538613463776516,#D1E5F0,square
GAMT,reaction_enzyme,0,0.4993391587351472,0.4993391587351472,#FDDBC7,square
GAMT>1059,reaction_enzyme,0,0.4993391587351472,0.4993391587351472,#FDDBC7,square
GAPDH,reaction_enzyme,0,-0.4108299391433465,-0.4108299391433465,#D1E5F0,square
GAPDH_reverse,reaction_enzyme,0,0.4231960921500087,0.4231960921500087,#FDDBC7,square
GAPDHS,reaction_enzyme,0,-0.4108299391433465,-0.4108299391433465,#D1E5F0,square
GAPDHS_reverse,reaction_enzyme,0,0.4231960921500087,0.4231960921500087,#FDDBC7,square
GATM,reaction_enzyme,0,0.9908583646848536,0.9908583646848536,#F4A582,square
GCAT,reaction_enzyme,0,1.0815890759365936,1.0815890759365936,#F4A582,square
GCDH,reaction_enzyme,0,-0.24423514320300477,-0.24423514320300477,#D1E5F0,square
GCDH>760,reaction_enzyme,0,-0.24423514320300477,-0.24423514320300477,#D1E5F0,square
GCDH>765,reaction_enzyme,0,-1.0709037685193017,-1.0709037685193017,#92C5DE,square
GCDH>765_reverse,reaction_enzyme,0,0.1302739646615616,0.1302739646615616,#FDDBC7,square
GCLC_GCLM,reaction_enzyme,0,0.0976080172121752,0.0976080172121752,#FDDBC7,square
GFPT1,reaction_enzyme,0,0.16620115182085704,0.16620115182085704,#FDDBC7,square
GFPT1_glugln,reaction_enzyme,0,-0.6837482240187748,-0.6837482240187748,#92C5DE,square
GFPT2,reaction_enzyme,0,0.16620115182085704,0.16620115182085704,#FDDBC7,square
GFPT2_glugln,reaction_enzyme,0,-0.6837482240187748,-0.6837482240187748,#92C5DE,square
GLS_glugln,reaction_enzyme,0,-0.1641487026677485,-0.1641487026677485,#D1E5F0,square
GLS2_glugln,reaction_enzyme,0,-0.1641487026677485,-0.1641487026677485,#D1E5F0,square
GLS2>896_glugln,reaction_enzyme,0,-0.1641487026677485,-0.1641487026677485,#D1E5F0,square
GLUD1_gluakg,reaction_enzyme,0,0.11607173902765995,0.11607173902765995,#FDDBC7,square
GLUD1_reverse_gluakg,reaction_enzyme,0,-0.8116317269466169,-0.8116317269466169,#92C5DE,square
GLUD1>895_gluakg,reaction_enzyme,0,0.11607173902765995,0.11607173902765995,#FDDBC7,square
GLUD1>895_reverse_gluakg,reaction_enzyme,0,-0.8116317269466169,-0.8116317269466169,#92C5DE,square
GLUD2_gluakg,reaction_enzyme,0,0.11607173902765995,0.11607173902765995,#FDDBC7,square
GLUD2_reverse_gluakg,reaction_enzyme,0,-0.8116317269466169,-0.8116317269466169,#92C5DE,square
GLUD2>894_gluakg,reaction_enzyme,0,0.11607173902765995,0.11607173902765995,#FDDBC7,square
GLUD2>894_reverse_gluakg,reaction_enzyme,0,-0.8116317269466169,-0.8116317269466169,#92C5DE,square
GLUL_glugln,reaction_enzyme,0,-0.9126152571225129,-0.9126152571225129,#92C5DE,square
GLYC3PFADm,reaction_enzyme,0,0.8753971656670156,0.8753971656670156,#F4A582,square
GLYOp,reaction_enzyme,0,1.915559782482077,1.915559782482077,#B2182B,square
GMPS_glugln,reaction_enzyme,0,-0.6837482240187748,-0.6837482240187748,#92C5DE,square
GNMT,reaction_enzyme,0,0.143362502429299,0.143362502429299,#FDDBC7,square
GNPDA1,reaction_enzyme,0,0.22418903711908109,0.22418903711908109,#FDDBC7,square
GNPDA2,reaction_enzyme,0,0.22418903711908109,0.22418903711908109,#FDDBC7,square
GOT1,reaction_enzyme,0,0.08762460675978341,0.08762460675978341,#FDDBC7,square
GOT1_gluakg,reaction_enzyme,0,-1.41840102151053,-1.41840102151053,#4393C3,square
GOT1>1056,reaction_enzyme,0,-0.19370709299936129,-0.19370709299936129,#D1E5F0,square
GOT1>1056_gluakg,reaction_enzyme,0,-1.41840102151053,-1.41840102151053,#4393C3,square
GOT1>1056_reverse,reaction_enzyme,0,-0.7699048401183475,-0.7699048401183475,#92C5DE,square
GOT1>1056_reverse_gluakg,reaction_enzyme,0,-0.8779013248609933,-0.8779013248609933,#92C5DE,square
GOT1>885,reaction_enzyme,0,0.07286767447768902,0.07286767447768902,#FDDBC7,square
GOT1>885_gluakg,reaction_enzyme,0,-1.41840102151053,-1.41840102151053,#4393C3,square
GOT2,reaction_enzyme,0,0.25308704168802854,0.25308704168802854,#FDDBC7,square
GOT2_gluakg,reaction_enzyme,0,-0.8116317269466169,-0.8116317269466169,#92C5DE,square
GOT2>1057,reaction_enzyme,0,0.08131892712536352,0.08131892712536352,#FDDBC7,square
GOT2>1057_gluakg,reaction_enzyme,0,0.11607173902765995,0.11607173902765995,#FDDBC7,square
GPD2,reaction_enzyme,0,0.7620128710149195,0.7620128710149195,#F4A582,square
GPI,reaction_enzyme,0,-0.43479646157556306,-0.43479646157556306,#D1E5F0,square
GPI_reverse,reaction_enzyme,0,0.6569246052739931,0.6569246052739931,#F4A582,square
GPT2,reaction_enzyme,0,1.1969201074375189,1.1969201074375189,#F4A582,square
GPT2_gluakg,reaction_enzyme,0,-1.41840102151053,-1.41840102151053,#4393C3,square
GPT2_reverse,reaction_enzyme,0,0.4047977698867326,0.4047977698867326,#FDDBC7,square
GPT2_reverse_gluakg,reaction_enzyme,0,-0.8779013248609933,-0.8779013248609933,#92C5DE,square
GPT2>917,reaction_enzyme,0,1.7208821180854095,1.7208821180854095,#D6604D,square
GPT2>917_gluakg,reaction_enzyme,0,-0.8116317269466169,-0.8116317269466169,#92C5DE,square
GPT2>917_reverse,reaction_enzyme,0,-0.0519142346956357,-0.0519142346956357,#D1E5F0,square
GPT2>917_reverse_gluakg,reaction_enzyme,0,0.11607173902765995,0.11607173902765995,#FDDBC7,square
GSS,reaction_enzyme,0,1.1038400302168383,1.1038400302168383,#F4A582,square
GSTZ1,reaction_enzyme,0,0.08914476706565332,0.08914476706565332,#FDDBC7,square
GSTZ1>769,reaction_enzyme,0,0.08914476706565332,0.08914476706565332,#FDDBC7,square
GSTZ1>770,reaction_enzyme,0,0.08914476706565332,0.08914476706565332,#FDDBC7,square
gudac_c,reaction_enzyme,0,0,0,#C1C1C1,square
guln_c,reaction_enzyme,0,0,0,#C1C1C1,square
guln_r,reaction_enzyme,0,0,0,#C1C1C1,square
GULNDer,reaction_enzyme,0,-1.111444157366426,-1.111444157366426,#92C5DE,square
H6PD,reaction_enzyme,0,0.4208598221821116,0.4208598221821116,#FDDBC7,square
H6PD>1525,reaction_enzyme,0,0.2791755256419244,0.2791755256419244,#FDDBC7,square
H6PD>1528,reaction_enzyme,0,-0.11268958182450219,-0.11268958182450219,#D1E5F0,square
HADH,reaction_enzyme,0,-0.013800378703230705,-0.013800378703230705,#D1E5F0,square
HADH_HADHB>761,reaction_enzyme,0,-0.013800378703230705,-0.013800378703230705,#D1E5F0,square
HADH_HADHB>775,reaction_enzyme,0,0.7283589923016841,0.7283589923016841,#F4A582,square
HADH_HADHB>777,reaction_enzyme,0,0.759870409580074,0.759870409580074,#F4A582,square
HADH>779,reaction_enzyme,0,0.8561745474598396,0.8561745474598396,#F4A582,square
HADHA_HADHB,reaction_enzyme,0,-0.013800378703231432,-0.013800378703231432,#D1E5F0,square
HADHB,reaction_enzyme,0,0.9119715731243127,0.9119715731243127,#F4A582,square
HGD,reaction_enzyme,0,0.08914476706565236,0.08914476706565236,#FDDBC7,square
HIBADH,reaction_enzyme,0,0.8883256092577795,0.8883256092577795,#F4A582,square
HK1,reaction_enzyme,0,0.018937386744880814,0.018937386744880814,#FDDBC7,square
HK1>956,reaction_enzyme,0,0.018937386744880814,0.018937386744880814,#FDDBC7,square
HK1>958,reaction_enzyme,0,0.018937386744880814,0.018937386744880814,#FDDBC7,square
HK1>960,reaction_enzyme,0,0.018937386744880814,0.018937386744880814,#FDDBC7,square
HK1>961,reaction_enzyme,0,0.018937386744880814,0.018937386744880814,#FDDBC7,square
HK1>982,reaction_enzyme,0,0.018937386744880814,0.018937386744880814,#FDDBC7,square
HK1>986,reaction_enzyme,0,0.018937386744880814,0.018937386744880814,#FDDBC7,square
HK2,reaction_enzyme,0,0.018937386744880814,0.018937386744880814,#FDDBC7,square
HK2>983,reaction_enzyme,0,0.018937386744880814,0.018937386744880814,#FDDBC7,square
HK2>987,reaction_enzyme,0,0.018937386744880814,0.018937386744880814,#FDDBC7,square
HKDC1,reaction_enzyme,0,0.018937386744880814,0.018937386744880814,#FDDBC7,square
HMGCL,reaction_enzyme,0,0.693758189062537,0.693758189062537,#F4A582,square
hmgcoa_c,reaction_enzyme,0,0,0,#C1C1C1,square
hmgcoa_m,reaction_enzyme,0,0,0,#C1C1C1,square
HSD17B10,reaction_enzyme,0,-0.013800378703230705,-0.013800378703230705,#D1E5F0,square
HSD17B10>778,reaction_enzyme,0,0.8561745474598396,0.8561745474598396,#F4A582,square
HTMLA,reaction_enzyme,0,-2.3876921044810784,-2.3876921044810784,#2166AC,square
IDH1,reaction_enzyme,0,-0.9103474444904733,-0.9103474444904733,#92C5DE,square
IDH2,reaction_enzyme,0,0.12260974403683875,0.12260974403683875,#FDDBC7,square
IDH2_reverse,reaction_enzyme,0,-0.16467616126601903,-0.16467616126601903,#D1E5F0,square
IDH3B_IDH3_IDH3A>913,reaction_enzyme,0,-0.4130913529416668,-0.4130913529416668,#D1E5F0,square
IDH3B_IDH3_IDH3A>914,reaction_enzyme,0,-0.4130913529416668,-0.4130913529416668,#D1E5F0,square
IDH3B_IDH3G_IDH3A,reaction_enzyme,0,-0.4130913529416668,-0.4130913529416668,#D1E5F0,square
IDH3G_IDH3_IDH3B>915,reaction_enzyme,0,-0.4130913529416668,-0.4130913529416668,#D1E5F0,square
IDH3G_IDH3A_IDH3B,reaction_enzyme,0,-0.4130913529416668,-0.4130913529416668,#D1E5F0,square
IDH3G_IDH3B_IDH3A,reaction_enzyme,0,-0.4130913529416668,-0.4130913529416668,#D1E5F0,square
IREB2,reaction_enzyme,0,-0.3049050004302838,-0.3049050004302838,#D1E5F0,square
IREB2_reverse,reaction_enzyme,0,-0.3671737265261571,-0.3671737265261571,#D1E5F0,square
IVD,reaction_enzyme,0,0.7032553681436566,0.7032553681436566,#F4A582,square
KMO,reaction_enzyme,0,-0.13904748280910695,-0.13904748280910695,#D1E5F0,square
kynate_c,reaction_enzyme,0,0,0,#C1C1C1,square
KYNATESYN,reaction_enzyme,0,-0.10456093987312003,-0.10456093987312003,#D1E5F0,square
KYNU,reaction_enzyme,0,-0.19034895202958177,-0.19034895202958177,#D1E5F0,square
LDHA,reaction_enzyme,0,1.1877034796343886,1.1877034796343886,#F4A582,square
LDHA_reverse,reaction_enzyme,0,1.20026657884437,1.20026657884437,#F4A582,square
LDHA>978,reaction_enzyme,0,1.3880640884052984,1.3880640884052984,#D6604D,square
LDHA>978_reverse,reaction_enzyme,0,1.386093103857992,1.386093103857992,#D6604D,square
LDHB,reaction_enzyme,0,1.1877034796343886,1.1877034796343886,#F4A582,square
LDHB_LDHA,reaction_enzyme,0,1.1877034796343886,1.1877034796343886,#F4A582,square
LDHB_LDHA_reverse,reaction_enzyme,0,1.20026657884437,1.20026657884437,#F4A582,square
LDHB_reverse,reaction_enzyme,0,1.20026657884437,1.20026657884437,#F4A582,square
LDHB>977,reaction_enzyme,0,1.3880640884052984,1.3880640884052984,#D6604D,square
LDHB>977_reverse,reaction_enzyme,0,1.386093103857992,1.386093103857992,#D6604D,square
LDHC,reaction_enzyme,0,1.1877034796343886,1.1877034796343886,#F4A582,square
LDHC_reverse,reaction_enzyme,0,1.20026657884437,1.20026657884437,#F4A582,square
LDHC>962,reaction_enzyme,0,1.1877034796343886,1.1877034796343886,#F4A582,square
LDHC>962_reverse,reaction_enzyme,0,1.20026657884437,1.20026657884437,#F4A582,square
LDHC>979,reaction_enzyme,0,1.3880640884052984,1.3880640884052984,#D6604D,square
LDHC>979_reverse,reaction_enzyme,0,1.386093103857992,1.386093103857992,#D6604D,square
MAT2_MAT2A>888,reaction_enzyme,0,0.5010588463277271,0.5010588463277271,#FDDBC7,square
MAT2B_MAT2A,reaction_enzyme,0,0.5010588463277271,0.5010588463277271,#FDDBC7,square
MCCC1_MCCC2,reaction_enzyme,0,0.7168384634344769,0.7168384634344769,#F4A582,square
MCEE,reaction_enzyme,0,2.1716513268182704,2.1716513268182704,#B2182B,square
MDH1,reaction_enzyme,0,-0.5082457581504461,-0.5082457581504461,#D1E5F0,square
MDH1_reverse,reaction_enzyme,0,-0.6373076443551304,-0.6373076443551304,#92C5DE,square
MDH1>916,reaction_enzyme,0,0.87186364306753406,0.87186364306753406,#F4A582,square
MDH1>916_reverse,reaction_enzyme,0,0.8959163902589097,0.8959163902589097,#F4A582,square
MDH1B,reaction_enzyme,0,-0.5082457581504461,-0.5082457581504461,#D1E5F0,square
MDH1B_reverse,reaction_enzyme,0,-0.6373076443551304,-0.6373076443551304,#92C5DE,square
MDH2,reaction_enzyme,0,0.87186364306753406,0.87186364306753406,#F4A582,square
MDH2_reverse,reaction_enzyme,0,0.8959163902589097,0.8959163902589097,#F4A582,square
ME1,reaction_enzyme,0,-0.17137070957127978,-0.17137070957127978,#D1E5F0,square
ME2,reaction_enzyme,0,0.44102978642385016,0.44102978642385016,#FDDBC7,square
ME2>940,reaction_enzyme,0,0.44102978642385016,0.44102978642385016,#FDDBC7,square
ME3,reaction_enzyme,0,0.44102978642385016,0.44102978642385016,#FDDBC7,square
MGSA,reaction_enzyme,0,0.21083148177264002,0.21083148177264002,#FDDBC7,square
MGSA2,reaction_enzyme,0,0.14350485431848192,0.14350485431848192,#FDDBC7,square
MIA3,reaction_enzyme,0,-0.1599698370156884,-0.1599698370156884,#D1E5F0,square
MIA3_reverse,reaction_enzyme,0,-0.8484988050455448,-0.8484988050455448,#92C5DE,square
MMTSADm,reaction_enzyme,0,2.1324479386959783,2.1324479386959783,#B2182B,square
MMUT,reaction_enzyme,0,0.9113029179752736,0.9113029179752736,#F4A582,square
MTHFD1,reaction_enzyme,0,1.475235612026706,1.475235612026706,#D6604D,square
MTHFD2,reaction_enzyme,0,-0.2650946891838318,-0.2650946891838318,#D1E5F0,square
MTHFD2_reverse,reaction_enzyme,0,-0.8918067412048051,-0.8918067412048051,#92C5DE,square
MTHFD2L,reaction_enzyme,0,1.475235612026706,1.475235612026706,#D6604D,square
MTHFD2L>1543,reaction_enzyme,0,-0.2650946891838318,-0.2650946891838318,#D1E5F0,square
MTHFD2L>1543_reverse,reaction_enzyme,0,-0.8918067412048051,-0.8918067412048051,#92C5DE,square
MTHFD2P1,reaction_enzyme,0,1.475235612026706,1.475235612026706,#D6604D,square
MTHFD2P1>1542,reaction_enzyme,0,-0.2650946891838318,-0.2650946891838318,#D1E5F0,square
MTHFD2P1>1542_reverse,reaction_enzyme,0,-0.8918067412048051,-0.8918067412048051,#92C5DE,square
MTHFR,reaction_enzyme,0,-0.8918067412048051,-0.8918067412048051,#92C5DE,square
MTHFR_reverse,reaction_enzyme,0,0.8762091659904855,0.8762091659904855,#F4A582,square
MTHFR>1544,reaction_enzyme,0,-0.11215804481273747,-0.11215804481273747,#D1E5F0,square
MTR,reaction_enzyme,0,0.3179322163211299,0.3179322163211299,#FDDBC7,square
NIT2,reaction_enzyme,0,-0.12308204504450944,-0.12308204504450944,#D1E5F0,square
NIT2>1064,reaction_enzyme,0,0.26757504741470134,0.26757504741470134,#FDDBC7,square
OAADC,reaction_enzyme,0,-0.5629708195907739,-0.5629708195907739,#D1E5F0,square
OAT,reaction_enzyme,0,1.059925678532916,1.059925678532916,#F4A582,square
OAT_gluakg,reaction_enzyme,0,-0.8116317269466169,-0.8116317269466169,#92C5DE,square
OAT_reverse,reaction_enzyme,0,-0.899780619707177,-0.899780619707177,#92C5DE,square
OAT_reverse_gluakg,reaction_enzyme,0,0.11607173902765995,0.11607173902765995,#FDDBC7,square
OBDHc,reaction_enzyme,0,2.806832906052833,2.806832906052833,#67001F,square
ODC1,reaction_enzyme,0,1.1419361356651183,1.1419361356651183,#F4A582,square
OGDH_DLD_PDH_DLST>12,reaction_enzyme,0,-1.5029584438699026,-1.5029584438699026,#4393C3,square
OGDH_DLD_PDH_DLST>908,reaction_enzyme,0,-0.7811978621098411,-0.7811978621098411,#92C5DE,square
OGDH_DLD_PDH_DLST>909,reaction_enzyme,0,-0.7811978621098411,-0.7811978621098411,#92C5DE,square
OGDH_DLD_PDHX_DLST,reaction_enzyme,0,-1.5029584438699026,-1.5029584438699026,#4393C3,square
PAICS,reaction_enzyme,0,-0.15758112114065168,-0.15758112114065168,#D1E5F0,square
PAICS_reverse,reaction_enzyme,0,-0.8517721107312859,-0.8517721107312859,#92C5DE,square
PC,reaction_enzyme,0,1.6568565413999357,1.6568565413999357,#D6604D,square
PC>941,reaction_enzyme,0,1.6568565413999357,1.6568565413999357,#D6604D,square
PCCB_PCCA,reaction_enzyme,0,2.56925683767023,2.56925683767023,#67001F,square
PCK2,reaction_enzyme,0,0.17792140135472811,0.17792140135472811,#FDDBC7,square
pcreat_c,reaction_enzyme,0,0,0,#C1C1C1,square
pcreat_m,reaction_enzyme,0,0,0,#C1C1C1,square
PFAS_glugln,reaction_enzyme,0,-0.6837482240187748,-0.6837482240187748,#92C5DE,square
PFK_PFKL>964,reaction_enzyme,0,0.12524628433433582,0.12524628433433582,#FDDBC7,square
PFKL,reaction_enzyme,0,0.12524628433433582,0.12524628433433582,#FDDBC7,square
PFKL_PFKM,reaction_enzyme,0,0.12524628433433582,0.12524628433433582,#FDDBC7,square
PFKL>1564,reaction_enzyme,0,0.12524628433433582,0.12524628433433582,#FDDBC7,square
PFKL>965,reaction_enzyme,0,0.12524628433433582,0.12524628433433582,#FDDBC7,square
PFKM,reaction_enzyme,0,0.12524628433433582,0.12524628433433582,#FDDBC7,square
PFKM_PFKL,reaction_enzyme,0,0.12524628433433582,0.12524628433433582,#FDDBC7,square
PFKP,reaction_enzyme,0,0.12524628433433582,0.12524628433433582,#FDDBC7,square
PFKP_PFKL,reaction_enzyme,0,0.12524628433433582,0.12524628433433582,#FDDBC7,square
PFKP_PFKM,reaction_enzyme,0,0.12524628433433582,0.12524628433433582,#FDDBC7,square
PGAM1,reaction_enzyme,0,-0.9224280547939535,-0.9224280547939535,#92C5DE,square
PGAM1>949,reaction_enzyme,0,-0.6814984209866372,-0.6814984209866372,#92C5DE,square
PGAM1>967,reaction_enzyme,0,-0.47425591804969613,-0.47425591804969613,#D1E5F0,square
PGAM1>967_reverse,reaction_enzyme,0,-0.2012809683882583,-0.2012809683882583,#D1E5F0,square
PGAM2,reaction_enzyme,0,-0.9224280547939535,-0.9224280547939535,#92C5DE,square
PGAM2>946,reaction_enzyme,0,-0.9224280547939535,-0.9224280547939535,#92C5DE,square
PGAM2>950,reaction_enzyme,0,-0.6814984209866372,-0.6814984209866372,#92C5DE,square
PGAM2>951,reaction_enzyme,0,-0.6814984209866372,-0.6814984209866372,#92C5DE,square
PGAM2>968,reaction_enzyme,0,-0.47425591804969613,-0.47425591804969613,#D1E5F0,square
PGAM2>968_reverse,reaction_enzyme,0,-0.2012809683882583,-0.2012809683882583,#D1E5F0,square
PGAM2>969,reaction_enzyme,0,-0.47425591804969613,-0.47425591804969613,#D1E5F0,square
PGAM2>969_reverse,reaction_enzyme,0,-0.2012809683882583,-0.2012809683882583,#D1E5F0,square
PGD,reaction_enzyme,0,-0.116556548334399,-0.116556548334399,#D1E5F0,square
PGD>1527,reaction_enzyme,0,-0.17697483029250058,-0.17697483029250058,#D1E5F0,square
PGD>1536,reaction_enzyme,0,-0.116556548334399,-0.116556548334399,#D1E5F0,square
PGK1,reaction_enzyme,0,-0.1599698370156884,-0.1599698370156884,#D1E5F0,square
PGK1_reverse,reaction_enzyme,0,-0.8484988050455448,-0.8484988050455448,#92C5DE,square
PGLS,reaction_enzyme,0,-0.08591532181929958,-0.08591532181929958,#D1E5F0,square
PGLS>1537,reaction_enzyme,0,-0.08591532181929958,-0.08591532181929958,#D1E5F0,square
PGM2,reaction_enzyme,0,-1.2279308330649916,-1.2279308330649916,#4393C3,square
PHGDH,reaction_enzyme,0,-1.5480238974744651,-1.5480238974744651,#4393C3,square
PKM,reaction_enzyme,0,1.0741641603971153,1.0741641603971153,#F4A582,square
PKM>1524,reaction_enzyme,0,0.09574195229030394,0.09574195229030394,#FDDBC7,square
PKM>1524_reverse,reaction_enzyme,0,1.012908069650536,1.012908069650536,#F4A582,square
PKM>971,reaction_enzyme,0,1.0741641603971153,1.0741641603971153,#F4A582,square
PKM>973,reaction_enzyme,0,1.0741641603971153,1.0741641603971153,#F4A582,square
PPAT,reaction_enzyme,0,0.06392079994100039,0.06392079994100039,#FDDBC7,square
PPAT_glugln,reaction_enzyme,0,-0.6837482240187748,-0.6837482240187748,#92C5DE,square
PRODH,reaction_enzyme,0,1.034201044164887,1.034201044164887,#F4A582,square
PRODH>1047,reaction_enzyme,0,1.034201044164887,1.034201044164887,#F4A582,square
PRODH>1569,reaction_enzyme,0,0.3638844233596021,0.3638844233596021,#FDDBC7,square
PRODH>1569_reverse,reaction_enzyme,0,0.6456156388219625,0.6456156388219625,#F4A582,square
PRPS1,reaction_enzyme,0,0.0639207999409996,0.0639207999409996,#FDDBC7,square
PRPS1L1,reaction_enzyme,0,0.0639207999409996,0.0639207999409996,#FDDBC7,square
PRPS1L1>1529,reaction_enzyme,0,0.0639207999409996,0.0639207999409996,#FDDBC7,square
PRPS2,reaction_enzyme,0,0.0639207999409996,0.0639207999409996,#FDDBC7,square
PSAT1,reaction_enzyme,0,-1.792888130262038,-1.792888130262038,#4393C3,square
PSAT1_gluakg,reaction_enzyme,0,-0.8779013248609933,-0.8779013248609933,#92C5DE,square
PSAT1>8,reaction_enzyme,0,-1.792888130262038,-1.792888130262038,#4393C3,square
PSAT1>8_gluakg,reaction_enzyme,0,-0.8779013248609933,-0.8779013248609933,#92C5DE,square
PSPH,reaction_enzyme,0,-1.7271113526904471,-1.7271113526904471,#4393C3,square
PYCR1,reaction_enzyme,0,0.3078142661925321,0.3078142661925321,#FDDBC7,square
PYCR1>1044,reaction_enzyme,0,0.3078142661925321,0.3078142661925321,#FDDBC7,square
PYCR1>1045,reaction_enzyme,0,0.3078142661925321,0.3078142661925321,#FDDBC7,square
PYCR1>1046,reaction_enzyme,0,0.3078142661925321,0.3078142661925321,#FDDBC7,square
PYCR1>1050,reaction_enzyme,0,-0.40796262421086216,-0.40796262421086216,#D1E5F0,square
PYCR2,reaction_enzyme,0,-0.40796262421086216,-0.40796262421086216,#D1E5F0,square
PYCR3,reaction_enzyme,0,-0.40796262421086216,-0.40796262421086216,#D1E5F0,square
q10h2_m,reaction_enzyme,0,0,0,#C1C1C1,square
r0055,reaction_enzyme,0,0.16670649726152187,0.16670649726152187,#FDDBC7,square
r0055_reverse,reaction_enzyme,0,0.5856453350213316,0.5856453350213316,#FDDBC7,square
r0156,reaction_enzyme,0,0.26606074841326155,0.26606074841326155,#FDDBC7,square
r0157,reaction_enzyme,0,0.8068010003022135,0.8068010003022135,#F4A582,square
r0179,reaction_enzyme,0,-0.30775332622211254,-0.30775332622211254,#D1E5F0,square
r0645,reaction_enzyme,0,0.29761891577931715,0.29761891577931715,#FDDBC7,square
r0647,reaction_enzyme,0,-0.1673812692806587,-0.1673812692806587,#D1E5F0,square
r1109,reaction_enzyme,0,0.4272606150860571,0.4272606150860571,#FDDBC7,square
r1109_reverse,reaction_enzyme,0,1.3633570179210552,1.3633570179210552,#D6604D,square
RBKS,reaction_enzyme,0,1.2279308330649916,1.2279308330649916,#D6604D,square
RE0691C,reaction_enzyme,0,1.0076396352578116,1.0076396352578116,#F4A582,square
RE1897C,reaction_enzyme,0,0.9747132630208871,0.9747132630208871,#F4A582,square
RE1898C,reaction_enzyme,0,0.9888124811246494,0.9888124811246494,#F4A582,square
RPE,reaction_enzyme,0,0.13174467117217878,0.13174467117217878,#FDDBC7,square
RPE_reverse,reaction_enzyme,0,0.15372293272620646,0.15372293272620646,#FDDBC7,square
RPE>1530,reaction_enzyme,0,0.13174467117217878,0.13174467117217878,#FDDBC7,square
RPE>1530_reverse,reaction_enzyme,0,0.15372293272620646,0.15372293272620646,#FDDBC7,square
RPE>1538,reaction_enzyme,0,0.13174467117217878,0.13174467117217878,#FDDBC7,square
RPE>1538_reverse,reaction_enzyme,0,0.15372293272620646,0.15372293272620646,#FDDBC7,square
RPE>1539,reaction_enzyme,0,0.13174467117217878,0.13174467117217878,#FDDBC7,square
RPE>1539_reverse,reaction_enzyme,0,0.15372293272620646,0.15372293272620646,#FDDBC7,square
RPIA,reaction_enzyme,0,0.2722732099415273,0.2722732099415273,#FDDBC7,square
RPIA_reverse,reaction_enzyme,0,0.050793448244113595,0.050793448244113595,#FDDBC7,square
RPIA>1534,reaction_enzyme,0,0.24877081298906153,0.24877081298906153,#FDDBC7,square
RPIA>1534_reverse,reaction_enzyme,0,-0.0074126215809283014,-0.0074126215809283014,#D1E5F0,square
RWDD2A,reaction_enzyme,0,-0.8484988050455448,-0.8484988050455448,#92C5DE,square
SARDH,reaction_enzyme,0,-1.523261562914415,-1.523261562914415,#4393C3,square
SDHA_SDHB_SDHC_SDHD,reaction_enzyme,0,-0.6043391572748963,-0.6043391572748963,#92C5DE,square
SDHA_SDHD_SDHC_SDHB,reaction_enzyme,0,-0.07097619232227681,-0.07097619232227681,#D1E5F0,square
SDHA_SDHD_SDHC_SDHB_reverse,reaction_enzyme,0,-0.41127756066017124,-0.41127756066017124,#D1E5F0,square
SDS,reaction_enzyme,0,1.2091224544615407,1.2091224544615407,#D6604D,square
SDS>10,reaction_enzyme,0,2.026670946702425,2.026670946702425,#B2182B,square
SDS>1563,reaction_enzyme,0,1.4570578350467849,1.4570578350467849,#D6604D,square
SDS>9,reaction_enzyme,0,1.6781046153241346,1.6781046153241346,#D6604D,square
SDSL,reaction_enzyme,0,2.026670946702425,2.026670946702425,#B2182B,square
SHMT1,reaction_enzyme,0,-0.8464286135482422,-0.8464286135482422,#92C5DE,square
SHMT1_reverse,reaction_enzyme,0,-0.6473135673406853,-0.6473135673406853,#92C5DE,square
SHMT1>6,reaction_enzyme,0,-0.8464286135482422,-0.8464286135482422,#92C5DE,square
SHMT1>6_reverse,reaction_enzyme,0,-0.6473135673406853,-0.6473135673406853,#92C5DE,square
SHMT1>7,reaction_enzyme,0,-0.8177137528953625,-0.8177137528953625,#92C5DE,square
SHMT2,reaction_enzyme,0,-0.8177137528953625,-0.8177137528953625,#92C5DE,square
SMS,reaction_enzyme,0,0.6842532555328453,0.6842532555328453,#F4A582,square
SPMDOX,reaction_enzyme,0,1.0953093009531985,1.0953093009531985,#F4A582,square
SRM,reaction_enzyme,0,0.9428086865548994,0.9428086865548994,#F4A582,square
SRM>1061,reaction_enzyme,0,0.6842532555328453,0.6842532555328453,#F4A582,square
SUCLG1_SUCLA2,reaction_enzyme,0,-0.8683611846396548,-0.8683611846396548,#92C5DE,square
SUCLG1_SUCLA2_reverse,reaction_enzyme,0,-0.7224884382301366,-0.7224884382301366,#92C5DE,square
SUCLG1_SUCLG2,reaction_enzyme,0,-0.8683611846396548,-0.8683611846396548,#92C5DE,square
SUCLG1_SUCLG2_reverse,reaction_enzyme,0,-0.7224884382301366,-0.7224884382301366,#92C5DE,square
TALDO1,reaction_enzyme,0,0.47939939373878104,0.47939939373878104,#FDDBC7,square
TALDO1_reverse,reaction_enzyme,0,-0.05801698275858091,-0.05801698275858091,#D1E5F0,square
TDO2,reaction_enzyme,0,0.037165960415834524,0.037165960415834524,#FDDBC7,square
TKT,reaction_enzyme,0,0.07355278434570546,0.07355278434570546,#FDDBC7,square
TKT_reverse,reaction_enzyme,0,0.3038439227181315,0.3038439227181315,#FDDBC7,square
TKT>1531,reaction_enzyme,0,0.25401901513051095,0.25401901513051095,#FDDBC7,square
TKT>1531_reverse,reaction_enzyme,0,0.09140232255345669,0.09140232255345669,#FDDBC7,square
TMABADH,reaction_enzyme,0,-0.6507702509190532,-0.6507702509190532,#92C5DE,square
TMLD,reaction_enzyme,0,-2.449194457695584,-2.449194457695584,#053061,square
TPI1,reaction_enzyme,0,0.27446972653126706,0.27446972653126706,#FDDBC7,square
TPI1_reverse,reaction_enzyme,0,0.4303963584246967,0.4303963584246967,#FDDBC7,square
TPI1P2,reaction_enzyme,0,0.27446972653126706,0.27446972653126706,#FDDBC7,square
TPI1P2_reverse,reaction_enzyme,0,0.4303963584246967,0.4303963584246967,#FDDBC7,square
transporter>1,reaction_enzyme,0,-1.2118530296289154,-1.2118530296289154,#4393C3,circle
transporter>106,reaction_enzyme,0,1.0392707262744223,1.0392707262744223,#F4A582,circle
transporter>110,reaction_enzyme,0,1.0527105227743712,1.0527105227743712,#F4A582,circle
transporter>114,reaction_enzyme,0,1.2881235707719556,1.2881235707719556,#D6604D,circle
transporter>118,reaction_enzyme,0,0.49183629521807687,0.49183629521807687,#FDDBC7,circle
transporter>122,reaction_enzyme,0,0.4826690740242456,0.4826690740242456,#FDDBC7,circle
transporter>128,reaction_enzyme,0,1.187222285307604,1.187222285307604,#F4A582,circle
transporter>13,reaction_enzyme,0,1.6246165344325185,1.6246165344325185,#D6604D,circle
transporter>136,reaction_enzyme,0,0.745885380304034,0.745885380304034,#F4A582,circle
transporter>140,reaction_enzyme,0,1.5395423242736483,1.5395423242736483,#D6604D,circle
transporter>15,reaction_enzyme,0,-0.4314076553937035,-0.4314076553937035,#D1E5F0,circle
transporter>152,reaction_enzyme,0,-0.2817708202494159,-0.2817708202494159,#D1E5F0,circle
transporter>156,reaction_enzyme,0,0,0,#C1C1C1,circle
transporter>160,reaction_enzyme,0,0.7613165631602916,0.7613165631602916,#F4A582,circle
transporter>164,reaction_enzyme,0,-0.576099143826674,-0.576099143826674,#D1E5F0,circle
transporter>176,reaction_enzyme,0,0.9888124811246491,0.9888124811246491,#F4A582,circle
transporter>180,reaction_enzyme,0,0.4516611902205523,0.4516611902205523,#FDDBC7,circle
transporter>184,reaction_enzyme,0,0.24135521674066415,0.24135521674066415,#FDDBC7,circle
transporter>188,reaction_enzyme,0,-0.5296324781408869,-0.5296324781408869,#D1E5F0,circle
transporter>19,reaction_enzyme,0,-0.017772685393393623,-0.017772685393393623,#D1E5F0,circle
transporter>192,reaction_enzyme,0,-0.5262268706761517,-0.5262268706761517,#D1E5F0,circle
transporter>196,reaction_enzyme,0,0.9355956670787898,0.9355956670787898,#F4A582,circle
transporter>198,reaction_enzyme,0,0.7298460886962084,0.7298460886962084,#F4A582,circle
transporter>2,reaction_enzyme,0,-1.0129816773391058,-1.0129816773391058,#92C5DE,circle
transporter>202,reaction_enzyme,0,0.0876246067597834,0.0876246067597834,#FDDBC7,circle
transporter>204,reaction_enzyme,0,0.7613165631602917,0.7613165631602917,#F4A582,circle
transporter>206,reaction_enzyme,0,1.0206302470209745,1.0206302470209745,#F4A582,circle
transporter>208,reaction_enzyme,0,1.052710522774372,1.052710522774372,#F4A582,circle
transporter>210,reaction_enzyme,0,0.7902314130009284,0.7902314130009284,#F4A582,circle
transporter>212,reaction_enzyme,0,0.5899834614664567,0.5899834614664567,#FDDBC7,circle
transporter>214,reaction_enzyme,0,-1.36053998002691,-1.36053998002691,#4393C3,circle
transporter>222,reaction_enzyme,0,0.18091617427622086,0.18091617427622086,#FDDBC7,circle
transporter>23,reaction_enzyme,0,0.5399448807451048,0.5399448807451048,#FDDBC7,circle
transporter>231,reaction_enzyme,0,1.0815890759365931,1.0815890759365931,#F4A582,circle
transporter>239,reaction_enzyme,0,0.1962978141397594,0.1962978141397594,#FDDBC7,circle
transporter>243,reaction_enzyme,0,-0.0780532468431759,-0.0780532468431759,#D1E5F0,circle
transporter>263,reaction_enzyme,0,0.6507785188047762,0.6507785188047762,#F4A582,circle
transporter>267,reaction_enzyme,0,-0.8600783292452975,-0.8600783292452975,#92C5DE,circle
transporter>27,reaction_enzyme,0,0.3373995924899127,0.3373995924899127,#FDDBC7,circle
transporter>270,reaction_enzyme,0,-0.3894945113025579,-0.3894945113025579,#D1E5F0,circle
transporter>284,reaction_enzyme,0,1.915559782482077,1.915559782482077,#B2182B,circle
transporter>287,reaction_enzyme,0,0.2842704512947877,0.2842704512947877,#FDDBC7,circle
transporter>291,reaction_enzyme,0,0.33739959248991264,0.33739959248991264,#FDDBC7,circle
transporter>307,reaction_enzyme,0,-0.9364145840000554,-0.9364145840000554,#92C5DE,circle
transporter>309,reaction_enzyme,0,-1.1326535783975362,-1.1326535783975362,#92C5DE,circle
transporter>31,reaction_enzyme,0,0.6979150301901406,0.6979150301901406,#F4A582,circle
transporter>317,reaction_enzyme,0,-0.4308181947889681,-0.4308181947889681,#D1E5F0,circle
transporter>322,reaction_enzyme,0,3.0194024815447693,3.0194024815447693,#67001F,circle
transporter>332,reaction_enzyme,0,0.48132970574550105,0.48132970574550105,#FDDBC7,circle
transporter>334,reaction_enzyme,0,0.1534025058369505,0.1534025058369505,#FDDBC7,circle
transporter>349,reaction_enzyme,0,0.7453785999768162,0.7453785999768162,#F4A582,circle
transporter>351,reaction_enzyme,0,0.2992014942926154,0.2992014942926154,#FDDBC7,circle
transporter>356,reaction_enzyme,0,0,0,#C1C1C1,circle
transporter>358,reaction_enzyme,0,0,0,#C1C1C1,circle
transporter>364,reaction_enzyme,0,0.15939928044630847,0.15939928044630847,#FDDBC7,circle
transporter>368,reaction_enzyme,0,0.08482991110808054,0.08482991110808054,#FDDBC7,circle
transporter>37,reaction_enzyme,0,0.7593226157546071,0.7593226157546071,#F4A582,circle
transporter>38,reaction_enzyme,0,-0.22604179624821719,-0.22604179624821719,#D1E5F0,circle
transporter>45,reaction_enzyme,0,1.158312971347964,1.158312971347964,#F4A582,circle
transporter>49,reaction_enzyme,0,-0.6964163914675584,-0.6964163914675584,#92C5DE,circle
transporter>53,reaction_enzyme,0,-0.9087903443878949,-0.9087903443878949,#92C5DE,circle
transporter>57,reaction_enzyme,0,0.9665740254567762,0.9665740254567762,#F4A582,circle
transporter>61,reaction_enzyme,0,0.2765719438655391,0.2765719438655391,#FDDBC7,circle
transporter>62,reaction_enzyme,0,-0.34871085170921895,-0.34871085170921895,#D1E5F0,circle
transporter>69,reaction_enzyme,0,-1.0276883935567949,-1.0276883935567949,#92C5DE,circle
transporter>79,reaction_enzyme,0,0.7730829068204081,0.7730829068204081,#F4A582,circle
transporter>83,reaction_enzyme,0,-0.876897429799236,-0.876897429799236,#92C5DE,circle
transporter>87,reaction_enzyme,0,1.6246165344325185,1.6246165344325185,#D6604D,circle
transporter>89,reaction_enzyme,0,0.2038116350909659,0.2038116350909659,#FDDBC7,circle
transporter>9,reaction_enzyme,0,0.7672222414168065,0.7672222414168065,#F4A582,circle
transporter>94,reaction_enzyme,0,-0.5727462524957333,-0.5727462524957333,#D1E5F0,circle
UEVLD,reaction_enzyme,0,1.1877034796343886,1.1877034796343886,#F4A582,square
UEVLD_reverse,reaction_enzyme,0,1.20026657884437,1.20026657884437,#F4A582,square
ZADH2,reaction_enzyme,0,0.12107389337044529,0.12107389337044529,#FDDBC7,square
ZADH2>920,reaction_enzyme,0,0.12107389337044529,0.12107389337044529,#FDDBC7,square
ZADH2>926,reaction_enzyme,0,0.07286767447768902,0.07286767447768902,#FDDBC7,square
ZADH2>931,reaction_enzyme,0,0.07286767447768902,0.07286767447768902,#FDDBC7,square
cpd:2-Methylbutyroylcarnitine_m,metabolite,0,0,0,#C1C1C1,triangle
cpd:C00019_c,metabolite,18.24654923166804,0,18.24654923166804,#F4A582,triangle
cpd:C00019_m,metabolite,18.24654923166804,0,18.24654923166804,#F4A582,triangle
cpd:C00021_c,metabolite,-6.954795312944002,0,-6.954795312944002,#D1E5F0,triangle
cpd:C00021_e,metabolite,-6.954795312944002,0,-6.954795312944002,#D1E5F0,triangle
cpd:C00021_m,metabolite,-6.954795312944002,0,-6.954795312944002,#D1E5F0,triangle
cpd:C00022_c,metabolite,2.794920457262335,0,2.794920457262335,#FDDBC7,triangle
cpd:C00022_e,metabolite,2.794920457262335,0,2.794920457262335,#FDDBC7,triangle
cpd:C00022_m,metabolite,2.794920457262335,0,2.794920457262335,#FDDBC7,triangle
cpd:C00022_x,metabolite,2.794920457262335,0,2.794920457262335,#FDDBC7,triangle
cpd:C00024_c,metabolite,2.7071376243054264,0,2.7071376243054264,#FDDBC7,triangle
cpd:C00024_m,metabolite,2.7071376243054264,0,2.7071376243054264,#FDDBC7,triangle
cpd:C00025_c,metabolite,11.510456181487092,0,11.510456181487092,#F4A582,triangle
cpd:C00025_e,metabolite,11.510456181487092,0,11.510456181487092,#F4A582,triangle
cpd:C00025_m,metabolite,11.510456181487092,0,11.510456181487092,#F4A582,triangle
cpd:C00026_c,metabolite,24.880220138858693,0,24.880220138858693,#D6604D,triangle
cpd:C00026_e,metabolite,24.880220138858693,0,24.880220138858693,#D6604D,triangle
cpd:C00026_m,metabolite,24.880220138858693,0,24.880220138858693,#D6604D,triangle
cpd:C00031_c,metabolite,1.9526403939875427,0,1.9526403939875427,#FDDBC7,triangle
cpd:C00031_e,metabolite,1.9526403939875427,0,1.9526403939875427,#FDDBC7,triangle
cpd:C00031_r,metabolite,1.9526403939875427,0,1.9526403939875427,#FDDBC7,triangle
cpd:C00033_c,metabolite,0,0,0,#C1C1C1,triangle
cpd:C00033_e,metabolite,0,0,0,#C1C1C1,triangle
cpd:C00033_m,metabolite,0,0,0,#C1C1C1,triangle
cpd:C00036_c,metabolite,0,0,0,#C1C1C1,triangle
cpd:C00036_m,metabolite,0,0,0,#C1C1C1,triangle
cpd:C00037_c,metabolite,-54.40966563273776,0,-54.40966563273776,#053061,triangle
cpd:C00037_e,metabolite,-54.40966563273776,0,-54.40966563273776,#053061,triangle
cpd:C00037_m,metabolite,-54.40966563273776,0,-54.40966563273776,#053061,triangle
cpd:C00037_x,metabolite,-54.40966563273776,0,-54.40966563273776,#053061,triangle
cpd:C00041_c,metabolite,-39.854478504129865,0,-39.854478504129865,#2166AC,triangle
cpd:C00041_e,metabolite,-39.854478504129865,0,-39.854478504129865,#2166AC,triangle
cpd:C00041_m,metabolite,-39.854478504129865,0,-39.854478504129865,#2166AC,triangle
cpd:C00042_c,metabolite,-5.892659751144879,0,-5.892659751144879,#D1E5F0,triangle
cpd:C00042_m,metabolite,-5.892659751144879,0,-5.892659751144879,#D1E5F0,triangle
cpd:C00047_c,metabolite,2.610972343274662,0,2.610972343274662,#FDDBC7,triangle
cpd:C00047_e,metabolite,2.610972343274662,0,2.610972343274662,#FDDBC7,triangle
cpd:C00047_m,metabolite,2.610972343274662,0,2.610972343274662,#FDDBC7,triangle
cpd:C00048_c,metabolite,0,0,0,#C1C1C1,triangle
cpd:C00048_m,metabolite,0,0,0,#C1C1C1,triangle
cpd:C00048_x,metabolite,0,0,0,#C1C1C1,triangle
cpd:C00049_c,metabolite,6.899104151745853,0,6.899104151745853,#FDDBC7,triangle
cpd:C00049_e,metabolite,6.899104151745853,0,6.899104151745853,#FDDBC7,triangle
cpd:C00049_m,metabolite,6.899104151745853,0,6.899104151745853,#FDDBC7,triangle
cpd:C00062_c,metabolite,1.9839253820751015,0,1.9839253820751015,#FDDBC7,triangle
cpd:C00062_e,metabolite,1.9839253820751015,0,1.9839253820751015,#FDDBC7,triangle
cpd:C00062_m,metabolite,1.9839253820751015,0,1.9839253820751015,#FDDBC7,triangle
cpd:C00064_c,metabolite,-6.052542131581033,0,-6.052542131581033,#D1E5F0,triangle
cpd:C00064_e,metabolite,-6.052542131581033,0,-6.052542131581033,#D1E5F0,triangle
cpd:C00064_m,metabolite,-6.052542131581033,0,-6.052542131581033,#D1E5F0,triangle
cpd:C00065_c,metabolite,-46.52880409177674,0,-46.52880409177674,#053061,triangle
cpd:C00065_e,metabolite,-46.52880409177674,0,-46.52880409177674,#053061,triangle
cpd:C00065_m,metabolite,-46.52880409177674,0,-46.52880409177674,#053061,triangle
cpd:C00073_c,metabolite,-19.53490557304469,0,-19.53490557304469,#92C5DE,triangle
cpd:C00073_e,metabolite,-19.53490557304469,0,-19.53490557304469,#92C5DE,triangle
cpd:C00074_c,metabolite,2.287439336735745,0,2.287439336735745,#FDDBC7,triangle
cpd:C00074_m,metabolite,2.287439336735745,0,2.287439336735745,#FDDBC7,triangle
cpd:C00077_c,metabolite,-11.837589082679187,0,-11.837589082679187,#92C5DE,triangle
cpd:C00077_e,metabolite,-11.837589082679187,0,-11.837589082679187,#92C5DE,triangle
cpd:C00077_m,metabolite,-11.837589082679187,0,-11.837589082679187,#92C5DE,triangle
cpd:C00078_c,metabolite,-14.490729592739616,0,-14.490729592739616,#92C5DE,triangle
cpd:C00078_e,metabolite,-14.490729592739616,0,-14.490729592739616,#92C5DE,triangle
cpd:C00082_c,metabolite,-6.382509731043139,0,-6.382509731043139,#D1E5F0,triangle
cpd:C00082_e,metabolite,-6.382509731043139,0,-6.382509731043139,#D1E5F0,triangle
cpd:C00086_c,metabolite,0,0,0,#C1C1C1,triangle
cpd:C00086_m,metabolite,0,0,0,#C1C1C1,triangle
cpd:C00091_m,metabolite,0,0,0,#C1C1C1,triangle
cpd:C00092_c,metabolite,1.2771910370730237,0,1.2771910370730237,#FDDBC7,triangle
cpd:C00092_r,metabolite,1.2771910370730237,0,1.2771910370730237,#FDDBC7,triangle
cpd:C00093_c,metabolite,-27.56963492052691,0,-27.56963492052691,#4393C3,triangle
cpd:C00093_m,metabolite,-27.56963492052691,0,-27.56963492052691,#4393C3,triangle
cpd:C00093_x,metabolite,-27.56963492052691,0,-27.56963492052691,#4393C3,triangle
cpd:C00094_c,metabolite,0,0,0,#C1C1C1,triangle
cpd:C00094_m,metabolite,0,0,0,#C1C1C1,triangle
cpd:C00097_c,metabolite,0,0,0,#C1C1C1,triangle
cpd:C00097_e,metabolite,0,0,0,#C1C1C1,triangle
cpd:C00100_c,metabolite,0,0,0,#C1C1C1,triangle
cpd:C00100_m,metabolite,0,0,0,#C1C1C1,triangle
cpd:C00109_c,metabolite,0,0,0,#C1C1C1,triangle
cpd:C00111_c,metabolite,2.7284222002321807,0,2.7284222002321807,#FDDBC7,triangle
cpd:C00111_m,metabolite,2.7284222002321807,0,2.7284222002321807,#FDDBC7,triangle
cpd:C00111_x,metabolite,2.7284222002321807,0,2.7284222002321807,#FDDBC7,triangle
cpd:C00114_c,metabolite,-11.860359429804817,0,-11.860359429804817,#92C5DE,triangle
cpd:C00114_e,metabolite,-11.860359429804817,0,-11.860359429804817,#92C5DE,triangle
cpd:C00114_m,metabolite,-11.860359429804817,0,-11.860359429804817,#92C5DE,triangle
cpd:C00118_c,metabolite,6.993890627797091,0,6.993890627797091,#FDDBC7,triangle
cpd:C00119_c,metabolite,0,0,0,#C1C1C1,triangle
cpd:C00122_c,metabolite,0.2461739197971645,0,0.2461739197971645,#FDDBC7,triangle
cpd:C00122_m,metabolite,0.2461739197971645,0,0.2461739197971645,#FDDBC7,triangle
cpd:C00123_c,metabolite,-13.562665053542942,0,-13.562665053542942,#92C5DE,triangle
cpd:C00123_e,metabolite,-13.562665053542942,0,-13.562665053542942,#92C5DE,triangle
cpd:C00123_m,metabolite,-13.562665053542942,0,-13.562665053542942,#92C5DE,triangle
cpd:C00134_c,metabolite,0,0,0,#C1C1C1,triangle
cpd:C00134_e,metabolite,0,0,0,#C1C1C1,triangle
cpd:C00141_c,metabolite,0,0,0,#C1C1C1,triangle
cpd:C00141_e,metabolite,0,0,0,#C1C1C1,triangle
cpd:C00141_m,metabolite,0,0,0,#C1C1C1,triangle
cpd:C00143_c,metabolite,0,0,0,#C1C1C1,triangle
cpd:C00143_m,metabolite,0,0,0,#C1C1C1,triangle
cpd:C00148_c,metabolite,-29.36366474757862,0,-29.36366474757862,#4393C3,triangle
cpd:C00148_e,metabolite,-29.36366474757862,0,-29.36366474757862,#4393C3,triangle
cpd:C00148_m,metabolite,-29.36366474757862,0,-29.36366474757862,#4393C3,triangle
cpd:C00149_c,metabolite,0.6582563253392725,0,0.6582563253392725,#FDDBC7,triangle
cpd:C00149_m,metabolite,0.6582563253392725,0,0.6582563253392725,#FDDBC7,triangle
cpd:C00152_c,metabolite,-50.92808813600531,0,-50.92808813600531,#053061,triangle
cpd:C00152_e,metabolite,-50.92808813600531,0,-50.92808813600531,#053061,triangle
cpd:C00155_c,metabolite,0,0,0,#C1C1C1,triangle
cpd:C00158_c,metabolite,9.576077451072392,0,9.576077451072392,#FDDBC7,triangle
cpd:C00158_e,metabolite,9.576077451072392,0,9.576077451072392,#FDDBC7,triangle
cpd:C00158_m,metabolite,9.576077451072392,0,9.576077451072392,#FDDBC7,triangle
cpd:C00164_c,metabolite,0,0,0,#C1C1C1,triangle
cpd:C00164_e,metabolite,0,0,0,#C1C1C1,triangle
cpd:C00164_m,metabolite,0,0,0,#C1C1C1,triangle
cpd:C00170_c,metabolite,-3.0763802245339593,0,-3.0763802245339593,#D1E5F0,triangle
cpd:C00170_e,metabolite,-3.0763802245339593,0,-3.0763802245339593,#D1E5F0,triangle
cpd:C00183_c,metabolite,-6.058621231991905,0,-6.058621231991905,#D1E5F0,triangle
cpd:C00183_e,metabolite,-6.058621231991905,0,-6.058621231991905,#D1E5F0,triangle
cpd:C00183_m,metabolite,-6.058621231991905,0,-6.058621231991905,#D1E5F0,triangle
cpd:C00186_c,metabolite,-1.3689193178565209,0,-1.3689193178565209,#D1E5F0,triangle
cpd:C00186_e,metabolite,-1.3689193178565209,0,-1.3689193178565209,#D1E5F0,triangle
cpd:C00186_x,metabolite,-1.3689193178565209,0,-1.3689193178565209,#D1E5F0,triangle
cpd:C00188_c,metabolite,-40.351289434525796,0,-40.351289434525796,#2166AC,triangle
cpd:C00188_e,metabolite,-40.351289434525796,0,-40.351289434525796,#2166AC,triangle
cpd:C00191_c,metabolite,14.736834980241914,0,14.736834980241914,#F4A582,triangle
cpd:C00191_r,metabolite,14.736834980241914,0,14.736834980241914,#F4A582,triangle
cpd:C00197_c,metabolite,0.9804096262725764,0,0.9804096262725764,#FDDBC7,triangle
cpd:C00199_c,metabolite,0,0,0,#C1C1C1,triangle
cpd:C00199_r,metabolite,0,0,0,#C1C1C1,triangle
cpd:C00207_c,metabolite,0,0,0,#C1C1C1,triangle
cpd:C00207_e,metabolite,0,0,0,#C1C1C1,triangle
cpd:C00207_m,metabolite,0,0,0,#C1C1C1,triangle
cpd:C00212_c,metabolite,0.9718899759439723,0,0.9718899759439723,#FDDBC7,triangle
cpd:C00213_c,metabolite,0,0,0,#C1C1C1,triangle
cpd:C00213_m,metabolite,0,0,0,#C1C1C1,triangle
cpd:C00231_c,metabolite,0,0,0,#C1C1C1,triangle
cpd:C00232_m,metabolite,0,0,0,#C1C1C1,triangle
cpd:C00233_c,metabolite,0,0,0,#C1C1C1,triangle
cpd:C00233_e,metabolite,0,0,0,#C1C1C1,triangle
cpd:C00233_m,metabolite,0,0,0,#C1C1C1,triangle
cpd:C00234_c,metabolite,0,0,0,#C1C1C1,triangle
cpd:C00236_c,metabolite,0,0,0,#C1C1C1,triangle
cpd:C00279_c,metabolite,0,0,0,#C1C1C1,triangle
cpd:C00288_c,metabolite,0,0,0,#C1C1C1,triangle
cpd:C00288_e,metabolite,0,0,0,#C1C1C1,triangle
cpd:C00288_m,metabolite,0,0,0,#C1C1C1,triangle
cpd:C00311_c,metabolite,0,0,0,#C1C1C1,triangle
cpd:C00311_m,metabolite,0,0,0,#C1C1C1,triangle
cpd:C00315_c,metabolite,0,0,0,#C1C1C1,triangle
cpd:C00315_e,metabolite,0,0,0,#C1C1C1,triangle
cpd:C00322_c,metabolite,0,0,0,#C1C1C1,triangle
cpd:C00322_m,metabolite,0,0,0,#C1C1C1,triangle
cpd:C00327_c,metabolite,-14.478859279520277,0,-14.478859279520277,#92C5DE,triangle
cpd:C00327_e,metabolite,-14.478859279520277,0,-14.478859279520277,#92C5DE,triangle
cpd:C00327_m,metabolite,-14.478859279520277,0,-14.478859279520277,#92C5DE,triangle
cpd:C00328_c,metabolite,0,0,0,#C1C1C1,triangle
cpd:C00332_c,metabolite,0,0,0,#C1C1C1,triangle
cpd:C00332_m,metabolite,0,0,0,#C1C1C1,triangle
cpd:C00334_c,metabolite,0,0,0,#C1C1C1,triangle
cpd:C00334_e,metabolite,0,0,0,#C1C1C1,triangle
cpd:C00334_m,metabolite,0,0,0,#C1C1C1,triangle
cpd:C00345_c,metabolite,-2.534125038599788,0,-2.534125038599788,#D1E5F0,triangle
cpd:C00345_r,metabolite,-2.534125038599788,0,-2.534125038599788,#D1E5F0,triangle
cpd:C00349_m,metabolite,0,0,0,#C1C1C1,triangle
cpd:C00352_c,metabolite,0,0,0,#C1C1C1,triangle
cpd:C00354_c,metabolite,-1.3259514970901018,0,-1.3259514970901018,#D1E5F0,triangle
cpd:C00407_c,metabolite,-9.381663859414617,0,-9.381663859414617,#D1E5F0,triangle
cpd:C00407_e,metabolite,-9.381663859414617,0,-9.381663859414617,#D1E5F0,triangle
cpd:C00407_m,metabolite,-9.381663859414617,0,-9.381663859414617,#D1E5F0,triangle
cpd:C00424_c,metabolite,0,0,0,#C1C1C1,triangle
cpd:C00440_c,metabolite,0,0,0,#C1C1C1,triangle
cpd:C00440_e,metabolite,0,0,0,#C1C1C1,triangle
cpd:C00445_c,metabolite,0,0,0,#C1C1C1,triangle
cpd:C00449_m,metabolite,0,0,0,#C1C1C1,triangle
cpd:C00487_c,metabolite,17.59334904983191,0,17.59334904983191,#F4A582,triangle
cpd:C00487_m,metabolite,17.59334904983191,0,17.59334904983191,#F4A582,triangle
cpd:C00527_m,metabolite,0,0,0,#C1C1C1,triangle
cpd:C00544_c,metabolite,0,0,0,#C1C1C1,triangle
cpd:C00546_c,metabolite,0,0,0,#C1C1C1,triangle
cpd:C00546_e,metabolite,0,0,0,#C1C1C1,triangle
cpd:C00555_c,metabolite,0,0,0,#C1C1C1,triangle
cpd:C00555_m,metabolite,0,0,0,#C1C1C1,triangle
cpd:C00576_c,metabolite,0,0,0,#C1C1C1,triangle
cpd:C00576_m,metabolite,0,0,0,#C1C1C1,triangle
cpd:C00606_c,metabolite,0,0,0,#C1C1C1,triangle
cpd:C00606_m,metabolite,0,0,0,#C1C1C1,triangle
cpd:C00630_m,metabolite,0,0,0,#C1C1C1,triangle
cpd:C00631_c,metabolite,0,0,0,#C1C1C1,triangle
cpd:C00632_c,metabolite,0,0,0,#C1C1C1,triangle
cpd:C00669_c,metabolite,-2.895176087170252,0,-2.895176087170252,#D1E5F0,triangle
cpd:C00671_c,metabolite,0.6587223696866205,0,0.6587223696866205,#FDDBC7,triangle
cpd:C00671_e,metabolite,0.6587223696866205,0,0.6587223696866205,#FDDBC7,triangle
cpd:C00671_m,metabolite,0.6587223696866205,0,0.6587223696866205,#FDDBC7,triangle
cpd:C00672_c,metabolite,0,0,0,#C1C1C1,triangle
cpd:C00673_c,metabolite,16.891723755377313,0,16.891723755377313,#F4A582,triangle
cpd:C00683_m,metabolite,0,0,0,#C1C1C1,triangle
cpd:C00719_c,metabolite,-11.746945435898827,0,-11.746945435898827,#92C5DE,triangle
cpd:C00719_e,metabolite,-11.746945435898827,0,-11.746945435898827,#92C5DE,triangle
cpd:C00719_m,metabolite,-11.746945435898827,0,-11.746945435898827,#92C5DE,triangle
cpd:C00750_c,metabolite,0,0,0,#C1C1C1,triangle
cpd:C00750_e,metabolite,0,0,0,#C1C1C1,triangle
cpd:C00791_c,metabolite,0.7019236266798674,0,0.7019236266798674,#FDDBC7,triangle
cpd:C00791_e,metabolite,0.7019236266798674,0,0.7019236266798674,#FDDBC7,triangle
cpd:C00791_m,metabolite,0.7019236266798674,0,0.7019236266798674,#FDDBC7,triangle
cpd:C00877_m,metabolite,0,0,0,#C1C1C1,triangle
cpd:C00956_c,metabolite,10.882882182369952,0,10.882882182369952,#F4A582,triangle
cpd:C00956_m,metabolite,10.882882182369952,0,10.882882182369952,#F4A582,triangle
cpd:C01005_c,metabolite,0,0,0,#C1C1C1,triangle
cpd:C01026_c,metabolite,0,0,0,#C1C1C1,triangle
cpd:C01026_m,metabolite,0,0,0,#C1C1C1,triangle
cpd:C01033_m,metabolite,0,0,0,#C1C1C1,triangle
cpd:C01036_c,metabolite,0,0,0,#C1C1C1,triangle
cpd:C01061_c,metabolite,0,0,0,#C1C1C1,triangle
cpd:C01137_c,metabolite,0,0,0,#C1C1C1,triangle
cpd:C01144_m,metabolite,0,0,0,#C1C1C1,triangle
cpd:C01149_c,metabolite,0,0,0,#C1C1C1,triangle
cpd:C01165_c,metabolite,0,0,0,#C1C1C1,triangle
cpd:C01165_m,metabolite,0,0,0,#C1C1C1,triangle
cpd:C01179_c,metabolite,0,0,0,#C1C1C1,triangle
cpd:C01179_e,metabolite,0,0,0,#C1C1C1,triangle
cpd:C01181_c,metabolite,0,0,0,#C1C1C1,triangle
cpd:C01188_m,metabolite,0,0,0,#C1C1C1,triangle
cpd:C01205_c,metabolite,0,0,0,#C1C1C1,triangle
cpd:C01205_e,metabolite,0,0,0,#C1C1C1,triangle
cpd:C01205_m,metabolite,0,0,0,#C1C1C1,triangle
cpd:C01213_m,metabolite,0,0,0,#C1C1C1,triangle
cpd:C01236_c,metabolite,0,0,0,#C1C1C1,triangle
cpd:C01236_r,metabolite,0,0,0,#C1C1C1,triangle
cpd:C01259_c,metabolite,0,0,0,#C1C1C1,triangle
cpd:C01801_c,metabolite,0,0,0,#C1C1C1,triangle
cpd:C01888_c,metabolite,0,0,0,#C1C1C1,triangle
cpd:C01888_m,metabolite,0,0,0,#C1C1C1,triangle
cpd:C02218_c,metabolite,0,0,0,#C1C1C1,triangle
cpd:C02220_c,metabolite,0,0,0,#C1C1C1,triangle
cpd:C02291_c,metabolite,0,0,0,#C1C1C1,triangle
cpd:C02470_c,metabolite,0,0,0,#C1C1C1,triangle
cpd:C02470_e,metabolite,0,0,0,#C1C1C1,triangle
cpd:C02571_m,metabolite,4.579847059638648,0,4.579847059638648,#FDDBC7,triangle
cpd:C02700_c,metabolite,0,0,0,#C1C1C1,triangle
cpd:C02862_m,metabolite,-5.809262302585479,0,-5.809262302585479,#D1E5F0,triangle
cpd:C02917_c,metabolite,0,0,0,#C1C1C1,triangle
cpd:C02939_m,metabolite,0,0,0,#C1C1C1,triangle
cpd:C03017_m,metabolite,4.610053703572277,0,4.610053703572277,#FDDBC7,triangle
cpd:C03069_m,metabolite,0,0,0,#C1C1C1,triangle
cpd:C03090_c,metabolite,0,0,0,#C1C1C1,triangle
cpd:C03227_c,metabolite,0,0,0,#C1C1C1,triangle
cpd:C03231_m,metabolite,0,0,0,#C1C1C1,triangle
cpd:C03232_c,metabolite,0,0,0,#C1C1C1,triangle
cpd:C03287_m,metabolite,0,0,0,#C1C1C1,triangle
cpd:C03344_m,metabolite,0,0,0,#C1C1C1,triangle
cpd:C03345_m,metabolite,0,0,0,#C1C1C1,triangle
cpd:C03406_c,metabolite,-15.155533447513765,0,-15.155533447513765,#92C5DE,triangle
cpd:C03460_m,metabolite,0,0,0,#C1C1C1,triangle
cpd:C03508_m,metabolite,0,0,0,#C1C1C1,triangle
cpd:C03736_c,metabolite,0,0,0,#C1C1C1,triangle
cpd:C03736_r,metabolite,0,0,0,#C1C1C1,triangle
cpd:C03793_c,metabolite,2.6854699025418083,0,2.6854699025418083,#FDDBC7,triangle
cpd:C03794_c,metabolite,0,0,0,#C1C1C1,triangle
cpd:C03824_c,metabolite,0,0,0,#C1C1C1,triangle
cpd:C03912_c,metabolite,0,0,0,#C1C1C1,triangle
cpd:C03912_m,metabolite,0,0,0,#C1C1C1,triangle
cpd:C04076_m,metabolite,0,0,0,#C1C1C1,triangle
cpd:C04405_m,metabolite,0,0,0,#C1C1C1,triangle
cpd:C04677_c,metabolite,11.292048682688504,0,11.292048682688504,#F4A582,triangle
cpd:C04751_c,metabolite,0,0,0,#C1C1C1,triangle
cpd:C04823_c,metabolite,0,0,0,#C1C1C1,triangle
cpd:C05235_c,metabolite,0,0,0,#C1C1C1,triangle
cpd:C05345_c,metabolite,0,0,0,#C1C1C1,triangle
cpd:C05382_c,metabolite,-10.441678037448629,0,-10.441678037448629,#D1E5F0,triangle
cpd:C06000_m,metabolite,0,0,0,#C1C1C1,triangle
cpd:C15668_c,metabolite,0,0,0,#C1C1C1,triangle
cpd:C15853_c,metabolite,0,0,0,#C1C1C1,triangle
cpd:C20826_m,metabolite,15.41364480045452,0,15.41364480045452,#F4A582,triangle
cpd:methylmalonylcarnitine-C3_m,metabolite,49.56424494484184,0,49.56424494484184,#67001F,triangle
cpd:succinylcarnitine-C4_m,metabolite,0,0,0,#C1C1C1,triangle
